configuration,operation,library,scalar,workload,clock,samples,median_ns,p10_ns,p90_ns,p99_ns
clang-O2,matrix_vector,Vectoris,double,dependency_chain,wall,30,10.723827639343472,10.428344597366102,10.959800811087423,11.330971454086471
clang-O2,matrix_matrix,Vectoris,double,dependency_chain,wall,30,11.292393071636964,11.007572175554143,11.405127814226665,11.90282735944578
clang-O2,quaternion_rotate,Vectoris,double,dependency_chain,wall,30,46.62744349382006,45.801669815761095,47.210828764039896,47.35671701815537
clang-O2,rotation_matrix_vector,Vectoris,double,dependency_chain,wall,30,11.03895422292537,10.646778590077348,11.185244829819226,11.215316315837338
clang-O3,matrix_vector,Vectoris,double,dependency_chain,wall,30,10.742842401537779,10.509502666336333,10.936819795378392,11.006380410877368
clang-O3,matrix_matrix,Vectoris,double,dependency_chain,wall,30,10.887950290083971,9.434135781337295,11.213955741399179,11.286338464271331
clang-O3,quaternion_rotate,Vectoris,double,dependency_chain,wall,30,39.672213415565544,38.784500021726956,46.02830438676465,46.30361040012781
clang-O3,rotation_matrix_vector,Vectoris,double,dependency_chain,wall,30,9.492026226447393,9.30678382443501,9.695579471558567,10.953829537168518
gcc-O2,matrix_vector,Vectoris,double,dependency_chain,wall,30,9.978094069716555,9.78535259087945,11.600554755927003,11.679747303975214
gcc-O2,matrix_matrix,Vectoris,double,dependency_chain,wall,30,10.598397247847448,9.892933250203841,11.723838002980964,11.781433992976577
gcc-O2,quaternion_rotate,Vectoris,double,dependency_chain,wall,30,29.57026966925337,29.189626883335738,30.507480571228708,31.452414506258858
gcc-O2,rotation_matrix_vector,Vectoris,double,dependency_chain,wall,30,11.507302737455351,11.24324441904925,11.830817803315414,12.296553483540063
gcc-O3,matrix_vector,Vectoris,double,dependency_chain,wall,30,11.637296055062333,11.363757614671298,11.809466457553258,11.838435707161048
gcc-O3,matrix_matrix,Vectoris,double,dependency_chain,wall,30,11.542340067308325,11.300769184474346,11.77711836405626,12.365023844915223
gcc-O3,quaternion_rotate,Vectoris,double,dependency_chain,wall,30,40.587388139011495,40.15483321818018,41.06356924334489,41.956482689972106
gcc-O3,rotation_matrix_vector,Vectoris,double,dependency_chain,wall,30,13.591116873967152,13.404719627254082,13.74092617673184,13.80576633253084
