operation,library,configuration,scalar,workload,clock,samples,median_ns,p10_ns,p90_ns,p99_ns
matrix_vector,Vectoris,clang-O3,double,dependency_chain,wall,30,10.742842401537779,10.509502666336333,10.936819795378392,11.006380410877368
matrix_vector,Eigen,clang-O3,double,dependency_chain,wall,30,8.69106463308988,8.236191656025795,9.658849245269693,9.744318700238363
matrix_vector,GLM,clang-O3,double,dependency_chain,wall,30,8.642301938185105,8.493860270491657,10.11982572690407,10.19237799911124
matrix_vector,Raw,clang-O3,double,dependency_chain,wall,30,9.338179737256912,8.046968126010306,9.545519543649325,9.571967611195886
matrix_matrix,Vectoris,clang-O3,double,dependency_chain,wall,30,10.887950290083971,9.434135781337295,11.213955741399179,11.286338464271331
matrix_matrix,Eigen,clang-O3,double,dependency_chain,wall,30,9.479586125945072,9.369675044762413,9.867860286942204,10.197669219291944
matrix_matrix,GLM,clang-O3,double,dependency_chain,wall,30,12.655251407240467,11.66704054695489,15.204134285744157,33.81899310856181
matrix_matrix,Raw,clang-O3,double,dependency_chain,wall,30,8.413085571866056,8.278075173067084,8.881529054261625,9.139121152607931
quaternion_rotate,Vectoris,clang-O3,double,dependency_chain,wall,30,39.672213415565544,38.784500021726956,46.02830438676465,46.30361040012781
quaternion_rotate,Eigen,clang-O3,double,dependency_chain,wall,30,11.901642343884518,11.401722519445656,13.469422809251839,14.842155108065338
quaternion_rotate,GLM,clang-O3,double,dependency_chain,wall,30,12.978862736563109,12.601582032599403,14.970015569427698,15.138791022987913
quaternion_rotate,Raw,clang-O3,double,dependency_chain,wall,30,12.433290567489493,12.028762891582993,14.393677821859411,14.422043134836322
rotation_matrix_vector,Vectoris,clang-O3,double,dependency_chain,wall,30,9.492026226447393,9.30678382443501,9.695579471558567,10.953829537168518
rotation_matrix_vector,Eigen,clang-O3,double,dependency_chain,wall,30,9.32903448133455,9.161792725234159,10.908935806694133,18.03066901716403
rotation_matrix_vector,GLM,clang-O3,double,dependency_chain,wall,30,10.229054746514112,10.092988558206425,10.692326298661847,11.535573053859121
rotation_matrix_vector,Raw,clang-O3,double,dependency_chain,wall,30,9.537551013592214,9.326815727016921,9.668047364815468,9.809030878507638
