configuration,variant,vectors,scalar,workload,clock,conversion_included,median_ns_per_vector,samples,median_ns,p10_ns,p90_ns,p99_ns
clang-O2,Direct,1,double,batch,cpu,False,45.27202200461426,30,45.27202200461426,40.01415220316416,46.468862147407116,46.91981763580743
clang-O2,Convert_once,1,double,batch,cpu,True,34.48563867666654,30,34.48563867666654,34.05383816398293,36.90726336691318,39.04726947089794
clang-O2,Direct,2,double,batch,cpu,False,35.72553776607581,30,71.45107553215162,63.883319047327305,72.28680687361019,72.60727259740128
clang-O2,Convert_once,2,double,batch,cpu,True,21.00667086106759,30,42.01334172213518,41.20248959239883,45.75155232024706,47.289297516289125
clang-O2,Direct,4,double,batch,cpu,False,32.39915298386589,30,129.59661193546356,117.99864369632674,139.1228487766344,139.676081450073
clang-O2,Convert_once,4,double,batch,cpu,True,16.56153220876459,30,66.24612883505836,64.72198149902238,75.83170425307745,76.64172998246421
clang-O2,Direct,8,double,batch,cpu,False,31.843602891540367,30,254.74882313232294,246.88113301174448,278.9192040664082,284.73496448162047
clang-O2,Convert_once,8,double,batch,cpu,True,12.740847476788757,30,101.92677981431005,89.23049151392438,104.11594594003012,118.44185563100132
clang-O2,Direct,16,double,batch,cpu,False,30.620589188784145,30,489.9294270205463,480.50639645560005,521.7462863982767,552.0529338907832
clang-O2,Convert_once,16,double,batch,cpu,True,12.513357186837794,30,200.2137149894047,182.21547625866623,202.9325849132422,204.38624062089642
clang-O2,Direct,32,double,batch,cpu,False,30.250666222519957,30,968.0213191206386,946.0868193135237,1043.649847470088,1077.0821206914457
clang-O2,Convert_once,32,double,batch,cpu,True,10.847735202200674,30,347.12752647042157,309.2339151954594,368.6307040219808,384.4659894504369
clang-O2,Direct,64,double,batch,cpu,False,34.23860135998899,30,2191.2704870392954,2172.0601340616995,2216.8313379053525,2241.8129334729783
clang-O2,Convert_once,64,double,batch,cpu,True,11.029984003600578,30,705.918976230437,699.5241148041478,718.613768616258,741.0468241444463
clang-O2,Direct,128,double,batch,cpu,False,34.09436269742308,30,4364.078425270154,4230.4909359682115,4555.893565704723,4902.005757411063
clang-O2,Convert_once,128,double,batch,cpu,True,9.213532876431582,30,1179.3322081832425,1151.0080737125274,1207.884413629588,1232.0793230853312
clang-O3,Direct,1,double,batch,cpu,False,46.09098170943956,30,46.09098170943956,43.972553919257955,46.81891731356052,56.80970853900764
clang-O3,Convert_once,1,double,batch,cpu,True,40.30125121706645,30,40.30125121706645,40.09082586139317,40.849185473674154,41.229992879252656
clang-O3,Direct,2,double,batch,cpu,False,34.70831004958295,30,69.4166200991659,62.38828551769291,71.76248167394688,72.4991858607127
clang-O3,Convert_once,2,double,batch,cpu,True,21.96462533826874,30,43.92925067653748,41.98034566106454,48.167441114977244,49.006778986714394
clang-O3,Direct,4,double,batch,cpu,False,33.011964606884746,30,132.04785842753898,117.63627395785709,140.01853355721255,141.78796514495974
clang-O3,Convert_once,4,double,batch,cpu,True,16.184085091935977,30,64.7363403677439,63.10293042205644,70.38327935645627,71.66442488507647
clang-O3,Direct,8,double,batch,cpu,False,35.38860830527402,30,283.10886644219215,271.13911981166257,286.4222361272371,287.93217325664153
clang-O3,Convert_once,8,double,batch,cpu,True,11.021911770062328,30,88.17529416049862,86.50103821354399,99.14793632288846,103.78949765036943
clang-O3,Direct,16,double,batch,cpu,False,32.352774080445556,30,517.6443852871289,491.2216342564374,554.9654254456565,557.1299873389137
clang-O3,Convert_once,16,double,batch,cpu,True,11.153914660623403,30,178.46263456997445,157.65428912839758,181.13327685928272,182.4847548147737
clang-O3,Direct,32,double,batch,cpu,False,30.404009429859684,30,972.9283017555099,951.992971101505,1038.095238095224,1075.8861805591584
clang-O3,Convert_once,32,double,batch,cpu,True,10.022996205459302,30,320.73587857469767,281.20657655642987,324.883637317698,328.71792131062733
clang-O3,Direct,64,double,batch,cpu,False,30.00420268972173,30,1920.2689721421907,1892.6478660628165,2089.4744064772162,2158.1069027033127
clang-O3,Convert_once,64,double,batch,cpu,True,8.948884200947257,30,572.7285888606244,524.7254451820726,613.7360137329526,616.3812537486466
clang-O3,Direct,128,double,batch,cpu,False,30.277964661741112,30,3875.5794767028624,3743.4352164688207,4290.414080301907,4374.7096723498025
clang-O3,Convert_once,128,double,batch,cpu,True,8.296660077663809,30,1061.9724899409675,1027.1806868157003,1155.6676335733935,1177.7729952277355
gcc-O2,Direct,1,double,batch,cpu,False,34.14065092266682,30,34.14065092266682,29.55043644790708,35.22883142738523,35.454639985997105
gcc-O2,Convert_once,1,double,batch,cpu,True,48.86539590491951,30,48.86539590491951,47.703760156212695,52.299721559461865,56.30920730038366
gcc-O2,Direct,2,double,batch,cpu,False,27.523782485708544,30,55.04756497141709,50.52193572989818,59.692469714983105,59.950200369728286
gcc-O2,Convert_once,2,double,batch,cpu,True,32.10539821228892,30,64.21079642457784,59.122055508854494,68.9321690332628,75.0340289561998
gcc-O2,Direct,4,double,batch,cpu,False,29.559526275627356,30,118.23810510250942,110.08124985614322,119.39160872591208,119.77694798699679
gcc-O2,Convert_once,4,double,batch,cpu,True,19.399915233456355,30,77.59966093382542,75.81687024340127,81.70474309925496,85.65768490943073
gcc-O2,Direct,8,double,batch,cpu,False,27.587612288930238,30,220.7008983114419,208.86836525143968,245.97393819885139,251.93161098174653
gcc-O2,Convert_once,8,double,batch,cpu,True,16.469835449540916,30,131.75868359632733,114.83623831501896,134.2427159724823,134.3971134904748
gcc-O2,Direct,16,double,batch,cpu,False,26.489091095332213,30,423.8254575253154,413.2424352788031,454.60939633976415,470.7232389449953
gcc-O2,Convert_once,16,double,batch,cpu,True,13.166530447873638,30,210.66448716597822,184.32764556152125,214.52607754447237,221.26287564951608
gcc-O2,Direct,32,double,batch,cpu,False,28.130255714396235,30,900.1681828606795,865.258007797548,947.6660805748822,981.5040134546445
gcc-O2,Convert_once,32,double,batch,cpu,True,11.119285588624852,30,355.81713883599525,334.3367324499149,363.8468449788862,364.7537368292007
gcc-O2,Direct,64,double,batch,cpu,False,29.666980388720333,30,1898.6867448781013,1776.5575205743185,1968.1842059183864,1992.439152512534
gcc-O2,Convert_once,64,double,batch,cpu,True,10.09558331304827,30,646.1173320350892,611.2633885103218,669.4535053554164,686.3005111976869
gcc-O2,Direct,128,double,batch,cpu,False,29.916520571370377,30,3829.3146331354083,3601.9414121869545,3977.898300400817,4462.235042144504
gcc-O2,Convert_once,128,double,batch,cpu,True,9.463064905304568,30,1211.2723078789847,1123.641293351141,1253.0573428837697,1297.7287442839263
gcc-O3,Direct,1,double,batch,cpu,False,34.72729508700684,30,34.72729508700684,34.293857221914166,35.39789706695906,37.394914837359536
gcc-O3,Convert_once,1,double,batch,cpu,True,55.788819598032596,30,55.788819598032596,48.44514791124387,56.91298976909047,57.26419629332242
gcc-O3,Direct,2,double,batch,cpu,False,30.490282834209935,30,60.98056566841987,59.105664859978596,65.43769327324873,70.78142508812998
gcc-O3,Convert_once,2,double,batch,cpu,True,28.764751094323348,30,57.529502188646696,55.29464695792444,63.53641962001097,64.92350520682307
gcc-O3,Direct,4,double,batch,cpu,False,28.459057001512715,30,113.83622800605086,111.10953384767441,131.69802660685176,133.09125494175578
gcc-O3,Convert_once,4,double,batch,cpu,True,18.706926844884556,30,74.82770737953823,71.86831353943359,78.83892719003421,82.95674270343879
gcc-O3,Direct,8,double,batch,cpu,False,31.47563788046475,30,251.805103043718,215.05065123010542,255.34720663688836,269.2157765618978
gcc-O3,Convert_once,8,double,batch,cpu,True,14.230308646805584,30,113.84246917444467,111.43880721559948,117.81253322260731,123.80357490307212
gcc-O3,Direct,16,double,batch,cpu,False,29.401484827273027,30,470.42375723636843,419.1048019015159,480.833953074611,483.6319028245609
gcc-O3,Convert_once,16,double,batch,cpu,True,11.956475012980508,30,191.30360020768813,187.37297450384588,200.6089131944606,205.55007855858233
gcc-O3,Direct,32,double,batch,cpu,False,30.83343659412284,30,986.6699710119309,867.0016071132593,1003.2007089322456,1015.6876792983442
gcc-O3,Convert_once,32,double,batch,cpu,True,11.154042038725887,30,356.9293452392284,348.2195101827841,380.3006936643479,387.3122251203829
gcc-O3,Direct,64,double,batch,cpu,False,30.232218343687215,30,1934.8619739959818,1812.4447575737645,2075.815025940116,2086.0686607315197
gcc-O3,Convert_once,64,double,batch,cpu,True,7.776066482555786,30,497.6682548835703,481.13866043516214,529.7370843575497,557.1805610350299
gcc-O3,Direct,128,double,batch,cpu,False,27.61362116969954,30,3534.5435097215413,3471.6227269868823,3826.904926697108,4007.546089473185
gcc-O3,Convert_once,128,double,batch,cpu,True,8.244644793925737,30,1055.3145336224943,927.5257712168354,1076.2789626246552,1088.3815483844926
