case,operation,library,supported_contract,passed,details
zero,checked_normalize,Vectoris,True,True,"{""case"": ""zero"", ""operation"": ""checked_normalize"", ""library"": ""Vectoris"", ""supported_contract"": true, ""passed"": true, ""output"": [0, 0, 0, 0]}"
zero,checked_normalize,Eigen,True,True,"{""case"": ""zero"", ""operation"": ""checked_normalize"", ""library"": ""Eigen"", ""supported_contract"": true, ""passed"": true, ""output"": [0, 0, 0, 0]}"
zero,checked_normalize,GLM,True,True,"{""case"": ""zero"", ""operation"": ""checked_normalize"", ""library"": ""GLM"", ""supported_contract"": true, ""passed"": true, ""output"": [0, 0, 0, 0]}"
zero,checked_normalize,Raw,True,True,"{""case"": ""zero"", ""operation"": ""checked_normalize"", ""library"": ""Raw"", ""supported_contract"": true, ""passed"": true, ""output"": [0, 0, 0, 0]}"
signed_zero,checked_normalize,Vectoris,True,True,"{""case"": ""signed_zero"", ""operation"": ""checked_normalize"", ""library"": ""Vectoris"", ""supported_contract"": true, ""passed"": true, ""output"": [0, 0, 0, 0]}"
signed_zero,checked_normalize,Eigen,True,True,"{""case"": ""signed_zero"", ""operation"": ""checked_normalize"", ""library"": ""Eigen"", ""supported_contract"": true, ""passed"": true, ""output"": [0, 0, 0, 0]}"
signed_zero,checked_normalize,GLM,True,True,"{""case"": ""signed_zero"", ""operation"": ""checked_normalize"", ""library"": ""GLM"", ""supported_contract"": true, ""passed"": true, ""output"": [0, 0, 0, 0]}"
signed_zero,checked_normalize,Raw,True,True,"{""case"": ""signed_zero"", ""operation"": ""checked_normalize"", ""library"": ""Raw"", ""supported_contract"": true, ""passed"": true, ""output"": [0, 0, 0, 0]}"
ordinary,checked_normalize,Vectoris,True,True,"{""case"": ""ordinary"", ""operation"": ""checked_normalize"", ""library"": ""Vectoris"", ""supported_contract"": true, ""passed"": true, ""output"": [0.2672612419124244, -0.5345224838248488, 0.8017837257372732, 1]}"
ordinary,checked_normalize,Eigen,True,True,"{""case"": ""ordinary"", ""operation"": ""checked_normalize"", ""library"": ""Eigen"", ""supported_contract"": true, ""passed"": true, ""output"": [0.2672612419124244, -0.5345224838248488, 0.8017837257372732, 1]}"
ordinary,checked_normalize,GLM,True,True,"{""case"": ""ordinary"", ""operation"": ""checked_normalize"", ""library"": ""GLM"", ""supported_contract"": true, ""passed"": true, ""output"": [0.2672612419124244, -0.5345224838248488, 0.8017837257372732, 1]}"
ordinary,checked_normalize,Raw,True,True,"{""case"": ""ordinary"", ""operation"": ""checked_normalize"", ""library"": ""Raw"", ""supported_contract"": true, ""passed"": true, ""output"": [0.2672612419124244, -0.5345224838248488, 0.8017837257372732, 1]}"
max_axis,checked_normalize,Vectoris,True,True,"{""case"": ""max_axis"", ""operation"": ""checked_normalize"", ""library"": ""Vectoris"", ""supported_contract"": true, ""passed"": true, ""output"": [1, 0, 0, 1]}"
max_axis,checked_normalize,Eigen,True,True,"{""case"": ""max_axis"", ""operation"": ""checked_normalize"", ""library"": ""Eigen"", ""supported_contract"": true, ""passed"": true, ""output"": [1, 0, 0, 1]}"
max_axis,checked_normalize,GLM,True,True,"{""case"": ""max_axis"", ""operation"": ""checked_normalize"", ""library"": ""GLM"", ""supported_contract"": true, ""passed"": true, ""output"": [1, 0, 0, 1]}"
max_axis,checked_normalize,Raw,True,True,"{""case"": ""max_axis"", ""operation"": ""checked_normalize"", ""library"": ""Raw"", ""supported_contract"": true, ""passed"": true, ""output"": [1, 0, 0, 1]}"
large_mixed,checked_normalize,Vectoris,True,True,"{""case"": ""large_mixed"", ""operation"": ""checked_normalize"", ""library"": ""Vectoris"", ""supported_contract"": true, ""passed"": true, ""output"": [0.8728715609439696, -0.4364357804719848, 0.2182178902359924, 1]}"
large_mixed,checked_normalize,Eigen,True,True,"{""case"": ""large_mixed"", ""operation"": ""checked_normalize"", ""library"": ""Eigen"", ""supported_contract"": true, ""passed"": true, ""output"": [0.8728715609439696, -0.4364357804719848, 0.2182178902359924, 1]}"
large_mixed,checked_normalize,GLM,True,True,"{""case"": ""large_mixed"", ""operation"": ""checked_normalize"", ""library"": ""GLM"", ""supported_contract"": true, ""passed"": true, ""output"": [0.8728715609439696, -0.4364357804719848, 0.2182178902359924, 1]}"
large_mixed,checked_normalize,Raw,True,True,"{""case"": ""large_mixed"", ""operation"": ""checked_normalize"", ""library"": ""Raw"", ""supported_contract"": true, ""passed"": true, ""output"": [0.8728715609439696, -0.4364357804719848, 0.2182178902359924, 1]}"
small_normal,checked_normalize,Vectoris,True,True,"{""case"": ""small_normal"", ""operation"": ""checked_normalize"", ""library"": ""Vectoris"", ""supported_contract"": true, ""passed"": true, ""output"": [1, 0, 0, 1]}"
small_normal,checked_normalize,Eigen,True,True,"{""case"": ""small_normal"", ""operation"": ""checked_normalize"", ""library"": ""Eigen"", ""supported_contract"": true, ""passed"": true, ""output"": [1, 0, 0, 1]}"
small_normal,checked_normalize,GLM,True,True,"{""case"": ""small_normal"", ""operation"": ""checked_normalize"", ""library"": ""GLM"", ""supported_contract"": true, ""passed"": true, ""output"": [1, 0, 0, 1]}"
small_normal,checked_normalize,Raw,True,True,"{""case"": ""small_normal"", ""operation"": ""checked_normalize"", ""library"": ""Raw"", ""supported_contract"": true, ""passed"": true, ""output"": [1, 0, 0, 1]}"
subnormal,checked_normalize,Vectoris,True,True,"{""case"": ""subnormal"", ""operation"": ""checked_normalize"", ""library"": ""Vectoris"", ""supported_contract"": true, ""passed"": true, ""output"": [1, 0, 0, 1]}"
subnormal,checked_normalize,Eigen,True,True,"{""case"": ""subnormal"", ""operation"": ""checked_normalize"", ""library"": ""Eigen"", ""supported_contract"": true, ""passed"": true, ""output"": [1, 0, 0, 1]}"
subnormal,checked_normalize,GLM,True,True,"{""case"": ""subnormal"", ""operation"": ""checked_normalize"", ""library"": ""GLM"", ""supported_contract"": true, ""passed"": true, ""output"": [1, 0, 0, 1]}"
subnormal,checked_normalize,Raw,True,True,"{""case"": ""subnormal"", ""operation"": ""checked_normalize"", ""library"": ""Raw"", ""supported_contract"": true, ""passed"": true, ""output"": [1, 0, 0, 1]}"
mixed_exponents,checked_normalize,Vectoris,True,True,"{""case"": ""mixed_exponents"", ""operation"": ""checked_normalize"", ""library"": ""Vectoris"", ""supported_contract"": true, ""passed"": true, ""output"": [1, 1.0000000000000001e-21, -1e-12, 1]}"
mixed_exponents,checked_normalize,Eigen,True,True,"{""case"": ""mixed_exponents"", ""operation"": ""checked_normalize"", ""library"": ""Eigen"", ""supported_contract"": true, ""passed"": true, ""output"": [1, 1.0000000000000001e-21, -1e-12, 1]}"
mixed_exponents,checked_normalize,GLM,True,True,"{""case"": ""mixed_exponents"", ""operation"": ""checked_normalize"", ""library"": ""GLM"", ""supported_contract"": true, ""passed"": true, ""output"": [1, 1.0000000000000001e-21, -1e-12, 1]}"
mixed_exponents,checked_normalize,Raw,True,True,"{""case"": ""mixed_exponents"", ""operation"": ""checked_normalize"", ""library"": ""Raw"", ""supported_contract"": true, ""passed"": true, ""output"": [1, 1.0000000000000001e-21, -1e-12, 1]}"
NaN,checked_normalize,Vectoris,True,True,"{""case"": ""NaN"", ""operation"": ""checked_normalize"", ""library"": ""Vectoris"", ""supported_contract"": true, ""passed"": true, ""output"": [0, 0, 0, 0]}"
NaN,checked_normalize,Eigen,True,True,"{""case"": ""NaN"", ""operation"": ""checked_normalize"", ""library"": ""Eigen"", ""supported_contract"": true, ""passed"": true, ""output"": [0, 0, 0, 0]}"
NaN,checked_normalize,GLM,True,True,"{""case"": ""NaN"", ""operation"": ""checked_normalize"", ""library"": ""GLM"", ""supported_contract"": true, ""passed"": true, ""output"": [0, 0, 0, 0]}"
NaN,checked_normalize,Raw,True,True,"{""case"": ""NaN"", ""operation"": ""checked_normalize"", ""library"": ""Raw"", ""supported_contract"": true, ""passed"": true, ""output"": [0, 0, 0, 0]}"
positive_inf,checked_normalize,Vectoris,True,True,"{""case"": ""positive_inf"", ""operation"": ""checked_normalize"", ""library"": ""Vectoris"", ""supported_contract"": true, ""passed"": true, ""output"": [0, 0, 0, 0]}"
positive_inf,checked_normalize,Eigen,True,True,"{""case"": ""positive_inf"", ""operation"": ""checked_normalize"", ""library"": ""Eigen"", ""supported_contract"": true, ""passed"": true, ""output"": [0, 0, 0, 0]}"
positive_inf,checked_normalize,GLM,True,True,"{""case"": ""positive_inf"", ""operation"": ""checked_normalize"", ""library"": ""GLM"", ""supported_contract"": true, ""passed"": true, ""output"": [0, 0, 0, 0]}"
positive_inf,checked_normalize,Raw,True,True,"{""case"": ""positive_inf"", ""operation"": ""checked_normalize"", ""library"": ""Raw"", ""supported_contract"": true, ""passed"": true, ""output"": [0, 0, 0, 0]}"
negative_inf,checked_normalize,Vectoris,True,True,"{""case"": ""negative_inf"", ""operation"": ""checked_normalize"", ""library"": ""Vectoris"", ""supported_contract"": true, ""passed"": true, ""output"": [0, 0, 0, 0]}"
negative_inf,checked_normalize,Eigen,True,True,"{""case"": ""negative_inf"", ""operation"": ""checked_normalize"", ""library"": ""Eigen"", ""supported_contract"": true, ""passed"": true, ""output"": [0, 0, 0, 0]}"
negative_inf,checked_normalize,GLM,True,True,"{""case"": ""negative_inf"", ""operation"": ""checked_normalize"", ""library"": ""GLM"", ""supported_contract"": true, ""passed"": true, ""output"": [0, 0, 0, 0]}"
negative_inf,checked_normalize,Raw,True,True,"{""case"": ""negative_inf"", ""operation"": ""checked_normalize"", ""library"": ""Raw"", ""supported_contract"": true, ""passed"": true, ""output"": [0, 0, 0, 0]}"
native_extreme_context,minimal_normalize,Eigen,False,NOT RANKED,"{""case"": ""native_extreme_context"", ""operation"": ""minimal_normalize"", ""library"": ""Eigen"", ""supported_contract"": false, ""input"": 1.7976931348623157e+308, ""first_output"": 0}"
native_extreme_context,minimal_normalize,GLM,False,NOT RANKED,"{""case"": ""native_extreme_context"", ""operation"": ""minimal_normalize"", ""library"": ""GLM"", ""supported_contract"": false, ""input"": 1.7976931348623157e+308, ""first_output"": 0}"
native_extreme_context,minimal_normalize,Eigen,False,NOT RANKED,"{""case"": ""native_extreme_context"", ""operation"": ""minimal_normalize"", ""library"": ""Eigen"", ""supported_contract"": false, ""input"": 2.2250738585072014e-308, ""first_output"": 2.2250738585072014e-308}"
native_extreme_context,minimal_normalize,GLM,False,NOT RANKED,"{""case"": ""native_extreme_context"", ""operation"": ""minimal_normalize"", ""library"": ""GLM"", ""supported_contract"": false, ""input"": 2.2250738585072014e-308, ""first_output"": ""+Inf""}"
native_extreme_context,minimal_normalize,Eigen,False,NOT RANKED,"{""case"": ""native_extreme_context"", ""operation"": ""minimal_normalize"", ""library"": ""Eigen"", ""supported_contract"": false, ""input"": 5e-324, ""first_output"": 5e-324}"
native_extreme_context,minimal_normalize,GLM,False,NOT RANKED,"{""case"": ""native_extreme_context"", ""operation"": ""minimal_normalize"", ""library"": ""GLM"", ""supported_contract"": false, ""input"": 5e-324, ""first_output"": ""+Inf""}"
axis_rotation_1,quaternion_rotate,Vectoris,True,True,"{""case"": ""axis_rotation_1"", ""operation"": ""quaternion_rotate"", ""library"": ""Vectoris"", ""magnitude"": 1.7976931348623157e+308, ""supported_contract"": true, ""passed"": true, ""output"": [1.7976931348623157e+308, 8.988465674311579e+307, -4.4942328371557893e+307]}"
axis_rotation_1,quaternion_rotate,Vectoris,True,True,"{""case"": ""axis_rotation_1"", ""operation"": ""quaternion_rotate"", ""library"": ""Vectoris"", ""magnitude"": 8.988465674311579e+307, ""supported_contract"": true, ""passed"": true, ""output"": [8.988465674311579e+307, 4.4942328371557893e+307, -2.2471164185778946e+307]}"
axis_rotation_1,quaternion_rotate,Vectoris,True,True,"{""case"": ""axis_rotation_1"", ""operation"": ""quaternion_rotate"", ""library"": ""Vectoris"", ""magnitude"": 5e-324, ""supported_contract"": true, ""passed"": true, ""output"": [5e-324, 0, 0]}"
axis_rotation_1,quaternion_rotate,Vectoris,True,True,"{""case"": ""axis_rotation_1"", ""operation"": ""quaternion_rotate"", ""library"": ""Vectoris"", ""magnitude"": 2.2250738585072014e-308, ""supported_contract"": true, ""passed"": true, ""output"": [2.2250738585072014e-308, 1.1125369292536007e-308, -5.562684646268003e-309]}"
axis_rotation_1,quaternion_rotate,Vectoris,True,True,"{""case"": ""axis_rotation_1"", ""operation"": ""quaternion_rotate"", ""library"": ""Vectoris"", ""magnitude"": 1e-09, ""supported_contract"": true, ""passed"": true, ""output"": [1e-09, 5e-10, -2.5e-10]}"
axis_rotation_1,quaternion_rotate,Vectoris,True,True,"{""case"": ""axis_rotation_1"", ""operation"": ""quaternion_rotate"", ""library"": ""Vectoris"", ""magnitude"": 1, ""supported_contract"": true, ""passed"": true, ""output"": [1, 0.5, -0.25]}"
axis_rotation_1,quaternion_rotate,Vectoris,True,True,"{""case"": ""axis_rotation_1"", ""operation"": ""quaternion_rotate"", ""library"": ""Vectoris"", ""magnitude"": 7000000, ""supported_contract"": true, ""passed"": true, ""output"": [7000000, 3500000, -1750000]}"
axis_rotation_1,quaternion_rotate,Vectoris,True,True,"{""case"": ""axis_rotation_1"", ""operation"": ""quaternion_rotate"", ""library"": ""Vectoris"", ""magnitude"": 1000000000000, ""supported_contract"": true, ""passed"": true, ""output"": [1000000000000, 500000000000, -250000000000]}"
axis_rotation_2,quaternion_rotate,Vectoris,True,True,"{""case"": ""axis_rotation_2"", ""operation"": ""quaternion_rotate"", ""library"": ""Vectoris"", ""magnitude"": 1.7976931348623157e+308, ""supported_contract"": true, ""passed"": true, ""output"": [-1.7976931348623157e+308, -8.988465674311579e+307, -4.4942328371557893e+307]}"
axis_rotation_2,quaternion_rotate,Vectoris,True,True,"{""case"": ""axis_rotation_2"", ""operation"": ""quaternion_rotate"", ""library"": ""Vectoris"", ""magnitude"": 8.988465674311579e+307, ""supported_contract"": true, ""passed"": true, ""output"": [-8.988465674311579e+307, -4.4942328371557893e+307, -2.2471164185778946e+307]}"
axis_rotation_2,quaternion_rotate,Vectoris,True,True,"{""case"": ""axis_rotation_2"", ""operation"": ""quaternion_rotate"", ""library"": ""Vectoris"", ""magnitude"": 5e-324, ""supported_contract"": true, ""passed"": true, ""output"": [-5e-324, 0, 0]}"
axis_rotation_2,quaternion_rotate,Vectoris,True,True,"{""case"": ""axis_rotation_2"", ""operation"": ""quaternion_rotate"", ""library"": ""Vectoris"", ""magnitude"": 2.2250738585072014e-308, ""supported_contract"": true, ""passed"": true, ""output"": [-2.2250738585072014e-308, -1.1125369292536007e-308, -5.562684646268003e-309]}"
axis_rotation_2,quaternion_rotate,Vectoris,True,True,"{""case"": ""axis_rotation_2"", ""operation"": ""quaternion_rotate"", ""library"": ""Vectoris"", ""magnitude"": 1e-09, ""supported_contract"": true, ""passed"": true, ""output"": [-1e-09, -5e-10, -2.5e-10]}"
axis_rotation_2,quaternion_rotate,Vectoris,True,True,"{""case"": ""axis_rotation_2"", ""operation"": ""quaternion_rotate"", ""library"": ""Vectoris"", ""magnitude"": 1, ""supported_contract"": true, ""passed"": true, ""output"": [-1, -0.5, -0.25]}"
axis_rotation_2,quaternion_rotate,Vectoris,True,True,"{""case"": ""axis_rotation_2"", ""operation"": ""quaternion_rotate"", ""library"": ""Vectoris"", ""magnitude"": 7000000, ""supported_contract"": true, ""passed"": true, ""output"": [-7000000, -3500000, -1750000]}"
axis_rotation_2,quaternion_rotate,Vectoris,True,True,"{""case"": ""axis_rotation_2"", ""operation"": ""quaternion_rotate"", ""library"": ""Vectoris"", ""magnitude"": 1000000000000, ""supported_contract"": true, ""passed"": true, ""output"": [-1000000000000, -500000000000, -250000000000]}"
axis_rotation_3,quaternion_rotate,Vectoris,True,True,"{""case"": ""axis_rotation_3"", ""operation"": ""quaternion_rotate"", ""library"": ""Vectoris"", ""magnitude"": 1.7976931348623157e+308, ""supported_contract"": true, ""passed"": true, ""output"": [-1.7976931348623157e+308, 8.988465674311579e+307, 4.4942328371557893e+307]}"
axis_rotation_3,quaternion_rotate,Vectoris,True,True,"{""case"": ""axis_rotation_3"", ""operation"": ""quaternion_rotate"", ""library"": ""Vectoris"", ""magnitude"": 8.988465674311579e+307, ""supported_contract"": true, ""passed"": true, ""output"": [-8.988465674311579e+307, 4.4942328371557893e+307, 2.2471164185778946e+307]}"
axis_rotation_3,quaternion_rotate,Vectoris,True,True,"{""case"": ""axis_rotation_3"", ""operation"": ""quaternion_rotate"", ""library"": ""Vectoris"", ""magnitude"": 5e-324, ""supported_contract"": true, ""passed"": true, ""output"": [-5e-324, 0, 0]}"
axis_rotation_3,quaternion_rotate,Vectoris,True,True,"{""case"": ""axis_rotation_3"", ""operation"": ""quaternion_rotate"", ""library"": ""Vectoris"", ""magnitude"": 2.2250738585072014e-308, ""supported_contract"": true, ""passed"": true, ""output"": [-2.2250738585072014e-308, 1.1125369292536007e-308, 5.562684646268003e-309]}"
axis_rotation_3,quaternion_rotate,Vectoris,True,True,"{""case"": ""axis_rotation_3"", ""operation"": ""quaternion_rotate"", ""library"": ""Vectoris"", ""magnitude"": 1e-09, ""supported_contract"": true, ""passed"": true, ""output"": [-1e-09, 5e-10, 2.5e-10]}"
axis_rotation_3,quaternion_rotate,Vectoris,True,True,"{""case"": ""axis_rotation_3"", ""operation"": ""quaternion_rotate"", ""library"": ""Vectoris"", ""magnitude"": 1, ""supported_contract"": true, ""passed"": true, ""output"": [-1, 0.5, 0.25]}"
axis_rotation_3,quaternion_rotate,Vectoris,True,True,"{""case"": ""axis_rotation_3"", ""operation"": ""quaternion_rotate"", ""library"": ""Vectoris"", ""magnitude"": 7000000, ""supported_contract"": true, ""passed"": true, ""output"": [-7000000, 3500000, 1750000]}"
axis_rotation_3,quaternion_rotate,Vectoris,True,True,"{""case"": ""axis_rotation_3"", ""operation"": ""quaternion_rotate"", ""library"": ""Vectoris"", ""magnitude"": 1000000000000, ""supported_contract"": true, ""passed"": true, ""output"": [-1000000000000, 500000000000, 250000000000]}"
sqrt_boundary,sqrt,Vectoris,True,True,"{""case"": ""sqrt_boundary"", ""operation"": ""sqrt"", ""library"": ""Vectoris"", ""supported_contract"": true, ""passed"": true, ""input"": 5e-324, ""output"": 2.2227587494850775e-162}"
sqrt_boundary,sqrt,Vectoris,True,True,"{""case"": ""sqrt_boundary"", ""operation"": ""sqrt"", ""library"": ""Vectoris"", ""supported_contract"": true, ""passed"": true, ""input"": 2.2250738585072014e-308, ""output"": 1.4916681462400413e-154}"
sqrt_boundary,sqrt,Vectoris,True,True,"{""case"": ""sqrt_boundary"", ""operation"": ""sqrt"", ""library"": ""Vectoris"", ""supported_contract"": true, ""passed"": true, ""input"": 1e-09, ""output"": 3.1622776601683795e-05}"
sqrt_boundary,sqrt,Vectoris,True,True,"{""case"": ""sqrt_boundary"", ""operation"": ""sqrt"", ""library"": ""Vectoris"", ""supported_contract"": true, ""passed"": true, ""input"": 1, ""output"": 1}"
sqrt_boundary,sqrt,Vectoris,True,True,"{""case"": ""sqrt_boundary"", ""operation"": ""sqrt"", ""library"": ""Vectoris"", ""supported_contract"": true, ""passed"": true, ""input"": 1000000000000, ""output"": 1000000}"
sqrt_boundary,sqrt,Vectoris,True,True,"{""case"": ""sqrt_boundary"", ""operation"": ""sqrt"", ""library"": ""Vectoris"", ""supported_contract"": true, ""passed"": true, ""input"": 1.7976931348623157e+308, ""output"": 1.3407807929942596e+154}"
sqrt_boundary,sqrt,Vectoris,True,True,"{""case"": ""sqrt_boundary"", ""operation"": ""sqrt"", ""library"": ""Vectoris"", ""supported_contract"": true, ""passed"": true, ""input"": -1, ""output"": ""NaN""}"
sqrt_boundary,sqrt,Vectoris,True,True,"{""case"": ""sqrt_boundary"", ""operation"": ""sqrt"", ""library"": ""Vectoris"", ""supported_contract"": true, ""passed"": true, ""input"": ""-Inf"", ""output"": ""NaN""}"
sqrt_boundary,sqrt,Vectoris,True,True,"{""case"": ""sqrt_boundary"", ""operation"": ""sqrt"", ""library"": ""Vectoris"", ""supported_contract"": true, ""passed"": true, ""input"": ""+Inf"", ""output"": ""+Inf""}"
sqrt_boundary,sqrt,Vectoris,True,True,"{""case"": ""sqrt_boundary"", ""operation"": ""sqrt"", ""library"": ""Vectoris"", ""supported_contract"": true, ""passed"": true, ""input"": ""NaN"", ""output"": ""NaN""}"
sqrt_boundary,sqrt,Vectoris,True,True,"{""case"": ""sqrt_boundary"", ""operation"": ""sqrt"", ""library"": ""Vectoris"", ""supported_contract"": true, ""passed"": true, ""input"": 0, ""output"": 0}"
