compiler,optimization,variant,workload,vectors,operations_per_iteration,name,repetitions,median_ns,mean_ns,stddev_ns,min_ns,max_ns,p10_ns,p90_ns,p95_ns,p99_ns,median_ns_per_vector,summed_measurement_cpu_seconds
clang,O3,Convert_once,batch,1,1.0,batch/Convert_once/1,30,40.30125121706645,40.36635519451246,0.4116527000635347,39.153938935955814,41.3119614026418,40.09082586139317,40.849185473674154,40.998575850492976,41.229992879252656,40.30125121706645,1.666637999999992
clang,O3,Convert_once,batch,128,128.0,batch/Convert_once/128,30,1061.9724899409675,1077.35753719474,47.637111265507244,1013.7176008235091,1180.6493871057055,1027.1806868157003,1155.6676335733935,1168.3559464770192,1177.7729952277355,8.296660077663809,1.7270580000000282
clang,O3,Convert_once,batch,16,16.0,batch/Convert_once/16,30,178.46263456997445,173.31685862229227,9.576121490384372,154.83049373642294,182.74587243972218,157.65428912839758,181.13327685928272,181.67380072143825,182.4847548147737,11.153914660623403,1.853654999999968
clang,O3,Convert_once,batch,2,2.0,batch/Convert_once/2,30,43.92925067653748,44.48918133634336,2.3481141272806103,41.24062469142677,49.05284518522998,41.98034566106454,48.167441114977244,48.80931255607748,49.006778986714394,21.96462533826874,1.8652809999999607
clang,O3,Convert_once,batch,32,32.0,batch/Convert_once/32,30,320.73587857469767,308.3999766788782,19.232930409847274,280.5530992799583,329.3914158835994,281.20657655642987,324.883637317698,326.2863056427441,328.71792131062733,10.022996205459302,1.9042650000000025
clang,O3,Convert_once,batch,4,4.0,batch/Convert_once/4,30,64.7363403677439,65.63109416353201,2.7109000171977895,62.87217927286748,71.86324697032364,63.10293042205644,70.38327935645627,70.83446510656151,71.66442488507647,16.184085091935977,1.507729999999988
clang,O3,Convert_once,batch,64,64.0,batch/Convert_once/64,30,572.7285888606244,572.0957167380243,37.90135436988837,518.9034352961374,616.7711112490044,524.7254451820726,613.7360137329526,614.8125168041931,616.3812537486466,8.948884200947257,1.6596840000000128
clang,O3,Convert_once,batch,8,8.0,batch/Convert_once/8,30,88.17529416049862,90.93931004334772,5.414228843393942,86.33200976283933,103.83228297695591,86.50103821354399,99.14793632288846,102.44872682233641,103.78949765036943,11.021911770062328,1.4978249999999633
clang,O3,Direct,batch,1,1.0,batch/Direct/1,30,46.09098170943956,46.30921218824415,3.2367019943829742,39.21922044937807,57.185342973598274,43.972553919257955,46.81891731356052,52.773610798189345,56.80970853900764,46.09098170943956,1.6957159999999833
clang,O3,Direct,batch,128,128.0,batch/Direct/128,30,3875.5794767028624,3965.535213849925,219.09437142863098,3700.636442209343,4381.158167674612,3743.4352164688207,4290.414080301907,4337.671878683155,4374.7096723498025,30.277964661741112,1.51408100000004
clang,O3,Direct,batch,16,16.0,batch/Direct/16,30,517.6443852871289,519.5489616812232,24.60042609528525,481.7225594909507,557.1535240074274,491.2216342564374,554.9654254456565,556.4332207901873,557.1299873389137,32.352774080445556,1.9204400000000064
clang,O3,Direct,batch,2,2.0,batch/Direct/2,30,69.4166200991659,67.71328443006733,3.9901713678079336,61.5413272307804,72.55026438935478,62.38828551769291,71.76248167394688,72.10556060301062,72.4991858607127,34.70831004958295,1.6031330000000177
clang,O3,Direct,batch,32,32.0,batch/Direct/32,30,972.9283017555099,987.1264447808148,38.69230995591869,940.6719209421021,1076.3957757015314,951.992971101505,1038.095238095224,1059.0114306592338,1075.8861805591584,30.404009429859684,1.7021120000000067
clang,O3,Direct,batch,4,4.0,batch/Direct/4,30,132.04785842753898,129.37543905100318,9.924259396379977,115.6055540885913,142.1354444317069,117.63627395785709,140.01853355721255,140.757882989502,141.78796514495974,33.011964606884746,1.5580710000000124
clang,O3,Direct,batch,64,64.0,batch/Direct/64,30,1920.2689721421907,1968.7342756506666,89.04956363634528,1860.0590091942565,2160.594208864982,1892.6478660628165,2089.4744064772162,2140.1296829970233,2158.1069027033127,30.00420268972173,1.7215399999999692
clang,O3,Direct,batch,8,8.0,batch/Direct/8,30,283.10886644219215,281.8147055610152,5.769118359377793,264.60772920953644,287.96817734869404,271.13911981166257,286.4222361272371,287.33897480208805,287.93217325664153,35.38860830527402,1.702436999999982
clang,O3,Cached_matrix,latency,1,1.0,rotation/Cached_matrix/latency,30,9.664474612078902,9.811656962045923,0.4517260930856125,9.254228921592436,10.768387210048756,9.318162847660837,10.600295312135666,10.620659185042154,10.725921699109826,9.664474612078902,1.6362499999999933
clang,O3,Cached_matrix,throughput,1,8.0,rotation/Cached_matrix/throughput,30,79.70387812712357,77.9575891689754,3.5014270368403446,72.0146504514244,81.55903295975014,72.2393275252007,81.39636173762028,81.41424804098062,81.51753673595738,9.962984765890447,1.8632620000000062
clang,O3,Checked_reference,latency,1,1.0,rotation/Checked_reference/latency,30,39.2254188449611,40.379822479881106,2.527490442609665,37.739916814750856,46.284776612439266,38.23563328298111,44.679589245080095,45.18687314715143,46.001249139604866,39.2254188449611,1.6913019999999983
clang,O3,Checked_reference,throughput,1,8.0,rotation/Checked_reference/throughput,30,363.90463829496696,360.35111687956913,19.166196994030948,330.99938520391134,383.9811462531549,337.1569096249726,381.84780381173647,382.65284513969056,383.7038049047021,45.48807978687087,1.5825540000000036
clang,O3,Conversion_per_call,latency,1,1.0,rotation/Conversion_per_call/latency,30,36.08300000000142,36.77210000000026,1.7301318735862945,35.16700000000128,40.79099999999691,35.3472000000016,39.732899999999916,40.515200000001165,40.75590999999793,36.08300000000142,1.1031630000000074
clang,O3,Conversion_per_call,throughput,1,8.0,rotation/Conversion_per_call/throughput,30,275.8737612190217,281.3647269159002,13.194405203081471,268.45520352227146,318.1451550755786,271.30703273103546,302.6920527930002,306.94616408164234,315.8179679111275,34.48422015237771,1.6430039999999766
clang,O3,Eigen,latency,1,1.0,rotation/Eigen/latency,30,13.349092853685734,12.889127519521672,0.803131723076744,11.339478604308129,13.625096002396683,11.591868815523787,13.54170832657844,13.593472387830406,13.623707006073259,13.349092853685734,1.6146250000000109
clang,O3,Eigen,throughput,1,8.0,rotation/Eigen/throughput,30,39.111700245660245,39.880501695755335,1.690416416200689,37.68028988481827,43.32483362411571,38.373280531313036,42.997141485350596,43.1696714681744,43.309432237127886,4.888962530707531,1.6670619999999978
clang,O3,GLM,latency,1,1.0,rotation/GLM/latency,30,14.799061086691978,14.091957925473265,1.0492746807472808,12.4996611504177,15.052253938543153,12.594583472761647,14.991927603063743,15.015080472887108,15.042459519140252,14.799061086691978,1.9026350000000036
clang,O3,GLM,throughput,1,8.0,rotation/GLM/throughput,30,38.91062641535052,39.55980090014915,1.5011070761580556,38.204695986789034,43.76904871362821,38.36610989086105,41.631438252369904,42.609763157445414,43.63967921540644,4.863828301918815,1.7425399999999949
clang,O3,Minimal,latency,1,1.0,rotation/Minimal/latency,30,12.656801772251445,13.016671241747956,0.6584819424322258,12.318821795820297,14.36132419026071,12.409968935973092,14.147657923941141,14.184934312688736,14.31210827943505,12.656801772251445,1.7625539999999997
clang,O3,Minimal,throughput,1,8.0,rotation/Minimal/throughput,30,48.062360932580326,46.58044333708481,2.985211237495542,41.944679154808426,49.4920345705717,42.13099554470339,49.268058484846705,49.36940197430937,49.46499740493091,6.007795116572541,1.9035550000000079
clang,O3,Public,latency,1,1.0,rotation/Public/latency,30,45.2470413198653,44.131839427738974,2.8700940214572888,38.86198184680901,47.496489300838846,39.39225108709536,46.715073074552954,46.808652317061444,47.3168644373661,45.2470413198653,1.6800700000000006
clang,O3,Public,throughput,1,8.0,rotation/Public/throughput,30,263.4243795188361,268.3144123574765,12.350715940436523,253.2556762927602,297.6406917255086,257.6053866644124,288.45397657604354,292.3531246036117,296.4252568601751,32.92804743985451,1.5230170000000027
clang,O3,Raw,latency,1,1.0,rotation/Raw/latency,30,13.24450261495813,13.354888898653618,1.0076190322388843,11.982198638040206,15.527067144648308,12.148728463566249,14.420381907742719,14.562263048004148,15.275719674958436,13.24450261495813,1.6229900000000195
clang,O3,Raw,throughput,1,8.0,rotation/Raw/throughput,30,44.334154178246436,44.43213349378132,0.672501521837525,43.26493648273233,47.41930081381418,44.0852644898781,44.8021598352547,45.204182587337,46.803426769054745,5.5417692722808045,1.7191610000000281
gcc,O2,Convert_once,batch,1,1.0,batch/Convert_once/1,30,48.86539590491951,49.55148732123546,2.144223671266854,47.64244327463225,57.100137044197034,47.703760156212695,52.299721559461865,53.52412490461488,56.30920730038366,48.86539590491951,1.537046999999994
gcc,O2,Convert_once,batch,128,128.0,batch/Convert_once/128,30,1211.2723078789847,1203.573981897369,50.83948443484102,1113.6943061793468,1305.268908583243,1123.641293351141,1253.0573428837697,1268.0142446682764,1297.7287442839263,9.463064905304568,1.7844909999999532
gcc,O2,Convert_once,batch,16,16.0,batch/Convert_once/16,30,210.66448716597822,203.25690354576545,13.329132269492163,182.98290270071777,223.3965547123811,184.32764556152125,214.52607754447237,215.39674502219762,221.26287564951608,13.166530447873638,1.794292999999989
gcc,O2,Convert_once,batch,2,2.0,batch/Convert_once/2,30,64.21079642457784,64.35586112988031,4.682104075318275,57.806673234342796,75.58709298066461,59.122055508854494,68.9321690332628,72.19103151966333,75.0340289561998,32.10539821228892,1.4972700000000074
gcc,O2,Convert_once,batch,32,32.0,batch/Convert_once/32,30,355.81713883599525,350.5065165442528,13.261109704572217,323.19253073971316,364.9432328677669,334.3367324499149,363.8468449788862,364.2304236643743,364.7537368292007,11.119285588624852,1.6735880000000023
gcc,O2,Convert_once,batch,4,4.0,batch/Convert_once/4,30,77.59966093382542,78.15980997930122,2.780344471250054,73.54135629306774,86.22373548302156,75.81687024340127,81.70474309925496,84.09259398384661,85.65768490943073,19.399915233456355,1.6541750000000306
gcc,O2,Convert_once,batch,64,64.0,batch/Convert_once/64,30,646.1173320350892,644.0404901006175,22.666374997725768,595.6061343720457,688.0477117819156,611.2633885103218,669.4535053554164,680.5221518987651,686.3005111976869,10.09558331304827,1.5874310000000023
gcc,O2,Convert_once,batch,8,8.0,batch/Convert_once/8,30,131.75868359632733,126.59153759756957,8.400269399264658,114.48553711487013,134.41119007844128,114.83623831501896,134.2427159724823,134.3144135361709,134.3971134904748,16.469835449540916,1.8777500000000131
gcc,O2,Direct,batch,1,1.0,batch/Direct/1,30,34.14065092266682,32.93650233791109,2.3882019384043187,29.190931916216474,35.52040632372788,29.55043644790708,35.22883142738523,35.27716597561251,35.454639985997105,34.14065092266682,1.89096199999997
gcc,O2,Direct,batch,128,128.0,batch/Direct/128,30,3829.3146331354083,3836.066970660054,208.00094637497943,3396.642255078076,4580.627331767186,3601.9414121869545,3977.898300400817,4114.550227994974,4462.235042144504,29.916520571370377,1.6656970000000086
gcc,O2,Direct,batch,16,16.0,batch/Direct/16,30,423.8254575253154,430.4597003449662,18.46218974364664,407.25818689488574,471.5241737229802,413.2424352788031,454.60939633976415,467.6697320100653,470.7232389449953,26.489091095332213,1.7019859999999556
gcc,O2,Direct,batch,2,2.0,batch/Direct/2,30,55.04756497141709,54.954899243588834,3.8067958991436046,50.01513196667509,59.99286033523162,50.52193572989818,59.692469714983105,59.82003734737892,59.950200369728286,27.523782485708544,1.7595629999999929
gcc,O2,Direct,batch,32,32.0,batch/Direct/32,30,900.1681828606795,903.5466197793277,34.733364402847435,846.4796269397951,981.6680681904847,865.258007797548,947.6660805748822,968.8487118722283,981.5040134546445,28.130255714396235,1.772894000000008
gcc,O2,Direct,batch,4,4.0,batch/Direct/4,30,118.23810510250942,116.28656228771891,4.6252191824880375,99.85109799734676,119.79440546316951,110.08124985614322,119.39160872591208,119.62664726160344,119.77694798699679,29.559526275627356,1.9703629999999779
gcc,O2,Direct,batch,64,64.0,batch/Direct/64,30,1898.6867448781013,1891.834471487741,71.84776379199636,1756.8551917350635,1992.5407109084997,1776.5575205743185,1968.1842059183864,1984.5788828576024,1992.439152512534,29.666980388720333,1.6206399999999732
gcc,O2,Direct,batch,8,8.0,batch/Direct/8,30,220.7008983114419,225.7944244530821,14.454081625691,206.2328479703472,253.64393593355558,208.86836525143968,245.97393819885139,247.07426759207786,251.93161098174653,27.587612288930238,1.8240779999999788
gcc,O2,Cached_matrix,latency,1,1.0,rotation/Cached_matrix/latency,30,10.952058780226135,11.21702914836341,0.5990616104367651,10.549218390320863,12.538979213942172,10.68057727018146,12.197368226302572,12.340684756605459,12.483913649404824,10.952058780226135,1.727912
gcc,O2,Cached_matrix,throughput,1,8.0,rotation/Cached_matrix/throughput,30,86.86196120386313,82.8970514476867,6.071358831388607,73.45364452827882,88.6536470308537,74.07365697858009,88.17878381210528,88.41332182149723,88.62824591533148,10.857745150482891,1.589987000000008
gcc,O2,Checked_reference,latency,1,1.0,rotation/Checked_reference/latency,30,38.420108667911556,36.94951496828805,2.9140683152707116,32.49418143821602,43.77928715211097,32.708736320439776,38.89591946770185,39.277565491455036,42.541164087842525,38.420108667911556,1.889367999999998
gcc,O2,Checked_reference,throughput,1,8.0,rotation/Checked_reference/throughput,30,209.76550262422145,213.27954681116321,9.124946634057112,202.50393536335216,233.0895406357671,204.83305163738487,230.62080115102287,232.16651905025194,232.9515805270076,26.220687828027682,1.6543220000000005
gcc,O2,Conversion_per_call,latency,1,1.0,rotation/Conversion_per_call/latency,30,50.508200576345374,51.209345147939615,1.9757747033977677,48.80562960990043,55.569556345405985,49.17168236768585,53.83605253021434,55.01192221105005,55.410922245606855,50.508200576345374,1.8227059999999986
gcc,O2,Conversion_per_call,throughput,1,8.0,rotation/Conversion_per_call/throughput,30,462.41999999998563,450.9356666666673,23.40507234787438,395.1800000000105,468.1399999999769,403.59099999998807,466.44300000001414,466.62600000003175,467.716599999995,57.802499999998204,1.352807000000002
gcc,O2,Eigen,latency,1,1.0,rotation/Eigen/latency,30,13.807733005840667,14.110222905698453,0.7321914466396032,13.43075083942107,15.892206350406013,13.494134771955038,15.27502952611859,15.618852761892443,15.863069116441785,13.807733005840667,1.5293659999999996
gcc,O2,Eigen,throughput,1,8.0,rotation/Eigen/throughput,30,38.94189519588584,40.56713522951834,3.6438690195620183,37.25995740858929,53.25861558564836,37.38833373831805,44.26904696881959,44.37688738650584,50.70620600279554,4.86773689948573,1.6978769999999985
gcc,O2,GLM,latency,1,1.0,rotation/GLM/latency,30,13.8677807030368,13.706276094806572,1.0344574665846353,12.361341358864339,14.928513855355488,12.466106106095797,14.873316077860217,14.898932287818875,14.921384142429169,13.8677807030368,1.5554269999999983
gcc,O2,GLM,throughput,1,8.0,rotation/GLM/throughput,30,29.08178253700583,29.466271724686518,1.14840830910406,28.139899121117256,32.740637344887475,28.578576793781487,31.113737516791048,31.80953690920706,32.51870606501778,3.6352228171257286,1.5617180000000133
gcc,O2,Minimal,latency,1,1.0,rotation/Minimal/latency,30,13.238554455973137,12.895885646698048,0.8392277931144638,11.69223800594085,13.83300884882588,11.839840939807452,13.757094174622614,13.791847246352999,13.825148636567958,13.238554455973137,1.6842949999999952
gcc,O2,Minimal,throughput,1,8.0,rotation/Minimal/throughput,30,60.27833261297222,62.72556075296209,3.7524186929049153,59.0961287138093,70.84527898477401,59.57706639523062,68.30031175912535,70.02866956346067,70.74329871332164,7.534791576621528,1.4715680000000066
gcc,O2,Public,latency,1,1.0,rotation/Public/latency,30,33.52785541930852,32.590484192128066,2.339518112984418,29.298518435100792,35.13924230020256,29.59207301410959,34.796529982424644,34.872670701355005,35.068789201240506,33.52785541930852,1.5454009999999985
gcc,O2,Public,throughput,1,8.0,rotation/Public/throughput,30,194.5272505659072,198.02960125370035,9.656774668545168,187.47344593418083,221.87010273376183,189.351906668989,209.66324220790526,218.251262406408,221.14194671774257,24.3159063207384,1.7059260000000016
gcc,O2,Raw,latency,1,1.0,rotation/Raw/latency,30,13.468747570419616,12.947697687546777,0.8234674859292209,11.331773331575244,13.658043558359322,11.618146893686378,13.598318138950926,13.614152663833762,13.648485801110898,13.468747570419616,1.8385710000000124
gcc,O2,Raw,throughput,1,8.0,rotation/Raw/throughput,30,59.39286385193499,60.60128713311134,2.9194708457915772,57.30810280973183,68.49854176920616,57.594081860319804,65.3374500323743,65.85441619868958,67.73585400690554,7.424107981491874,1.7323489999999924
clang,O2,Convert_once,batch,1,1.0,batch/Convert_once/1,30,34.48563867666654,34.99468099135772,1.395739223893866,33.83065331492825,39.11009908301838,34.05383816398293,36.90726336691318,38.2494181745563,39.04726947089794,34.48563867666654,1.6717680000000001
clang,O2,Convert_once,batch,128,128.0,batch/Convert_once/128,30,1179.3322081832425,1177.7782846021823,24.70130097748631,1136.5232860466654,1234.2288920312114,1151.0080737125274,1207.884413629588,1225.3078958171227,1232.0793230853312,9.213532876431582,1.5492260000000189
clang,O2,Convert_once,batch,16,16.0,batch/Convert_once/16,30,200.2137149894047,194.74626267254789,9.411911277516268,175.10667850395222,204.92296236899412,182.21547625866623,202.9325849132422,203.038368463247,204.38624062089642,12.513357186837794,1.6320360000000065
clang,O2,Convert_once,batch,2,2.0,batch/Convert_once/2,30,42.01334172213518,42.94049537047946,1.9534333098326861,40.9850765576133,47.337682574029735,41.20248959239883,45.75155232024706,47.070951031354504,47.289297516289125,21.00667086106759,1.7526730000000086
clang,O2,Convert_once,batch,32,32.0,batch/Convert_once/32,30,347.12752647042157,341.1284855232614,22.37564808977347,307.04573138798685,386.972314238633,309.2339151954594,368.6307040219808,374.9094687178231,384.4659894504369,10.847735202200674,1.8567179999999937
clang,O2,Convert_once,batch,4,4.0,batch/Convert_once/4,30,66.24612883505836,69.10426337581374,4.575244387420846,63.85322826605435,76.68030391583602,64.72198149902238,75.83170425307745,76.45599467945931,76.64172998246421,16.56153220876459,1.5429980000000258
clang,O2,Convert_once,batch,64,64.0,batch/Convert_once/64,30,705.918976230437,708.3834697701758,10.375833521745935,694.8663576289578,748.3726205740982,699.5241148041478,718.613768616258,722.7450932044318,741.0468241444463,11.029984003600578,1.7237519999999549
clang,O2,Convert_once,batch,8,8.0,batch/Convert_once/8,30,101.92677981431005,99.59307937109878,7.353298034847385,87.93497049748107,122.92224321150528,89.23049151392438,104.11594594003012,106.21394239535084,118.44185563100132,12.740847476788757,1.638588999999989
clang,O2,Direct,batch,1,1.0,batch/Direct/1,30,45.27202200461426,44.06424710937469,2.558823578647183,39.31186629603188,46.9504492551609,40.01415220316416,46.468862147407116,46.71459351488873,46.91981763580743,45.27202200461426,1.5393619999999792
clang,O2,Direct,batch,128,128.0,batch/Direct/128,30,4364.078425270154,4378.329313519542,189.55714159925589,3856.8427604448557,4953.629502840147,4230.4909359682115,4555.893565704723,4707.274566249114,4902.005757411063,34.09436269742308,1.6882400000000006
clang,O2,Direct,batch,16,16.0,batch/Direct/16,30,489.9294270205463,497.03050404124104,20.20116359854623,477.5853899801323,552.5639853367168,480.50639645560005,521.7462863982767,541.3828646478491,552.0529338907832,30.620589188784145,1.79379799999996
clang,O2,Direct,batch,2,2.0,batch/Direct/2,30,71.45107553215162,69.65843690687562,3.406379216607128,61.12369640196904,72.68643237617216,63.883319047327305,72.28680687361019,72.36525235208978,72.60727259740128,35.72553776607581,1.6383329999999994
clang,O2,Direct,batch,32,32.0,batch/Direct/32,30,968.0213191206386,984.3145505335627,41.88728427795339,937.0595041902425,1079.5785265963002,946.0868193135237,1043.649847470088,1061.4239629719802,1077.0821206914457,30.250666222519957,1.6843000000000004
clang,O2,Direct,batch,4,4.0,batch/Direct/4,30,129.59661193546356,128.65386112408265,9.436721153537412,116.59720475694238,139.7913448065209,117.99864369632674,139.1228487766344,139.33830794380617,139.676081450073,32.39915298386589,1.7187949999999648
clang,O2,Direct,batch,64,64.0,batch/Direct/64,30,2191.2704870392954,2187.2124711018173,35.05596481241905,2066.565926614809,2244.565849122633,2172.0601340616995,2216.8313379053525,2231.1325506606336,2241.8129334729783,34.23860135998899,1.693493000000004
clang,O2,Direct,batch,8,8.0,batch/Direct/8,30,254.74882313232294,259.40771405282584,12.793341549753187,243.2908483729718,285.35855905797126,246.88113301174448,278.9192040664082,282.6831688922421,284.73496448162047,31.843602891540367,1.7407840000000336
clang,O2,Cached_matrix,latency,1,1.0,rotation/Cached_matrix/latency,30,10.989214019829491,10.969461115886713,0.18353685194140365,10.543655408743136,11.484754544075582,10.773358278910738,11.164150715888836,11.199828466741678,11.405399991442856,10.989214019829491,1.692102999999998
clang,O2,Cached_matrix,throughput,1,8.0,rotation/Cached_matrix/throughput,30,88.84995071379811,87.49158940831127,3.197082076717568,81.56013972273067,92.75549658894151,82.77158971144353,90.11125527979438,90.58641649520482,92.13621179913378,11.106243839224764,1.616296000000002
clang,O2,Checked_reference,latency,1,1.0,rotation/Checked_reference/latency,30,48.4593045926292,47.74633354361368,2.98538561150841,40.04873766212114,51.39846667855759,44.404859249924996,51.13107357981735,51.26565809356318,51.365998068098136,48.4593045926292,1.8550840000000033
clang,O2,Checked_reference,throughput,1,8.0,rotation/Checked_reference/throughput,30,357.0045381306487,357.53768225201566,21.843816866743264,317.2256796109367,416.1850138213404,334.9480406214367,382.6316723085367,390.19793345060367,410.0762760720768,44.62556726633109,1.4512239999999965
clang,O2,Conversion_per_call,latency,1,1.0,rotation/Conversion_per_call/latency,30,41.5184999999978,40.35209999999954,2.04494059183547,35.55799999999998,42.115999999998266,36.98169999999976,41.928099999999446,42.009249999999554,42.08699999999833,41.5184999999978,1.2105629999999863
clang,O2,Conversion_per_call,throughput,1,8.0,rotation/Conversion_per_call/throughput,30,362.377828267209,361.04351800814567,7.876119517754281,338.32327279082523,375.3209738784405,352.00045709367885,369.3780837019286,371.26897274914745,374.55292203863837,45.297228533401125,1.6113299999999937
clang,O2,Eigen,latency,1,1.0,rotation/Eigen/latency,30,13.239951310552623,13.105080503520835,0.36012166013204605,11.965122418743292,13.510684274617105,12.661876243170804,13.473060181789675,13.50133726033835,13.50883611497557,13.239951310552623,1.665648000000001
clang,O2,Eigen,throughput,1,8.0,rotation/Eigen/throughput,30,47.199748703324445,48.46274535022865,3.6336248831386992,44.98688689753328,58.15440399897853,45.701367538702115,56.82924275440257,57.01944663614649,57.869164133499645,5.899968587915556,1.7634270000000143
clang,O2,GLM,latency,1,1.0,rotation/GLM/latency,30,13.750363934309346,13.881505328305,0.7441433866996585,12.827186927552654,15.469295561127055,13.078062608559996,15.008057983599642,15.15007404535462,15.388091319135421,13.750363934309346,1.7207210000000188
clang,O2,GLM,throughput,1,8.0,rotation/GLM/throughput,30,47.90326075691834,49.740219770556934,5.94305723273099,44.5388681093998,68.84521532677972,46.81395502209411,51.81409634354292,66.0768694472445,68.34030205104303,5.987907594614793,1.5838430000000054
clang,O2,Minimal,latency,1,1.0,rotation/Minimal/latency,30,14.303375481102043,14.133499211799714,0.4873869008993435,13.321268814171724,14.844509750563052,13.558691474897714,14.599854622197366,14.753752688110284,14.841039206738705,14.303375481102043,1.6297809999999924
clang,O2,Minimal,throughput,1,8.0,rotation/Minimal/throughput,30,50.67996684535812,51.12997126474094,3.3558265280358315,45.83425275037207,61.018077438709874,47.50589199523011,55.56452824170928,58.440943757637655,60.379238667063895,6.334995855669765,1.654436000000004
clang,O2,Public,latency,1,1.0,rotation/Public/latency,30,46.31199999999991,45.859566666666645,2.084846602863449,39.67099999999997,49.870000000000026,43.85680000000001,47.44289999999999,47.692150000000034,49.287100000000024,46.31199999999991,1.3757869999999994
clang,O2,Public,throughput,1,8.0,rotation/Public/throughput,30,289.0426686047126,288.73774238737764,7.521410667044541,273.70156202273216,303.28835803288416,279.6262942248351,297.7059436913475,300.66014682803046,303.1371588670864,36.13033357558908,1.6447830000000012
clang,O2,Raw,latency,1,1.0,rotation/Raw/latency,30,13.03127893415212,13.193727771775261,0.8027541543723765,12.430283738511633,16.38276876357798,12.548321160042205,13.81155738325072,14.435134932428156,15.930663167903221,13.03127893415212,1.2085200000000142
clang,O2,Raw,throughput,1,8.0,rotation/Raw/throughput,30,44.12808272395071,44.4078922447139,3.196519888590479,40.507563022379124,56.79611364441897,41.56728686620726,47.35203724732979,47.65777376339548,54.179170689700484,5.516010340493839,1.5826320000000038
gcc,O3,Convert_once,batch,1,1.0,batch/Convert_once/1,30,55.788819598032596,53.204262288362365,3.7401559883956623,48.22649974753607,57.31525767318211,48.44514791124387,56.91298976909047,57.049470195097506,57.26419629332242,55.788819598032596,1.7133060000000064
gcc,O3,Convert_once,batch,128,128.0,batch/Convert_once/128,30,1055.3145336224943,1016.4231918555647,61.93705129156389,921.582554277846,1091.0870942351555,927.5257712168354,1076.2789626246552,1079.7276025569356,1088.3815483844926,8.244644793925737,1.5884559999999583
gcc,O3,Convert_once,batch,16,16.0,batch/Convert_once/16,30,191.30360020768813,192.82284874272787,5.272300665230298,186.7266364120943,206.38313654357373,187.37297450384588,200.6089131944606,202.374120852085,205.55007855858233,11.956475012980508,1.7157030000000193
gcc,O3,Convert_once,batch,2,2.0,batch/Convert_once/2,30,57.529502188646696,58.70568422894586,3.3560004312970833,54.72738009317283,65.41659246206395,55.29464695792444,63.53641962001097,63.711651841370255,64.92350520682307,28.764751094323348,1.878940000000064
gcc,O3,Convert_once,batch,32,32.0,batch/Convert_once/32,30,356.9293452392284,360.5011137977551,11.696188114234458,344.8457501158467,387.93798272497725,348.2195101827841,380.3006936643479,384.40936986335817,387.3122251203829,11.154042038725887,1.7041139999999544
gcc,O3,Convert_once,batch,4,4.0,batch/Convert_once/4,30,74.82770737953823,75.47561016785906,2.9546826282454335,71.5906945102729,83.25194427111289,71.86831353943359,78.83892719003421,81.15748377116174,82.95674270343879,18.706926844884556,1.8106379999999904
gcc,O3,Convert_once,batch,64,64.0,batch/Convert_once/64,30,497.6682548835703,504.6884431091354,22.983385930581385,477.5778175674967,558.6679210544703,481.13866043516214,529.7370843575497,548.3222562794793,557.1805610350299,7.776066482555786,1.4966990000000209
gcc,O3,Convert_once,batch,8,8.0,batch/Convert_once/8,30,113.84246917444467,114.46529904860363,3.2939565501375783,109.5017160417398,124.99724189670297,111.43880721559948,117.81253322260731,119.53439204382383,123.80357490307212,14.230308646805584,1.7119349999999827
gcc,O3,Direct,batch,1,1.0,batch/Direct/1,30,34.72729508700684,34.89616511918651,0.792526268858431,33.97466642070986,37.534895160793184,34.293857221914166,35.39789706695906,36.78242021767036,37.394914837359536,34.72729508700684,1.7025489999999908
gcc,O3,Direct,batch,128,128.0,batch/Direct/128,30,3534.5435097215413,3601.6694981018672,167.7545187577474,3434.7196879126295,4010.8852954129034,3471.6227269868823,3826.904926697108,3998.464732901192,4007.546089473185,27.61362116969954,1.7172399999999897
gcc,O3,Direct,batch,16,16.0,batch/Direct/16,30,470.42375723636843,457.2645833637128,25.653825569088617,407.95747845484095,484.17107776660276,419.1048019015159,480.833953074611,482.18717645857544,483.6319028245609,29.401484827273027,1.8814700000000002
gcc,O3,Direct,batch,2,2.0,batch/Direct/2,30,60.98056566841987,62.11940499492638,3.171093009994765,58.41481068238888,71.64997042288014,59.105664859978596,65.43769327324873,68.50295290264552,70.78142508812998,30.490282834209935,1.5499860000000043
gcc,O3,Direct,batch,32,32.0,batch/Direct/32,30,986.6699710119309,955.0318669049778,56.38273939379632,854.0680995509077,1018.5493924511571,867.0016071132593,1003.2007089322456,1006.2211808528631,1015.6876792983442,30.83343659412284,1.9075519999999955
gcc,O3,Direct,batch,4,4.0,batch/Direct/4,30,113.83622800605086,119.5724985193417,9.139910202312588,110.27673875550539,133.26141012082283,111.10953384767441,131.69802660685176,132.66828020714811,133.09125494175578,28.459057001512715,1.5162019999999714
gcc,O3,Direct,batch,64,64.0,batch/Direct/64,30,1934.8619739959818,1953.053011379426,110.47646883331964,1785.4672388395193,2088.836226221824,1812.4447575737645,2075.815025940116,2077.779734836344,2086.0686607315197,30.232218343687215,1.829581000000019
gcc,O3,Direct,batch,8,8.0,batch/Direct/8,30,251.805103043718,241.0222081201882,18.1004148538764,213.44327758730756,273.00974330002555,215.05065123010542,255.34720663688836,258.4365834216659,269.2157765618978,31.47563788046475,1.868649999999981
gcc,O3,Cached_matrix,latency,1,1.0,rotation/Cached_matrix/latency,30,12.528011979221633,12.984599736367967,0.874508859998501,12.251429865208014,14.650876186408082,12.269877248998679,14.56993410913524,14.585294064676408,14.635282100891605,12.528011979221633,1.5140290000000043
gcc,O3,Cached_matrix,throughput,1,8.0,rotation/Cached_matrix/throughput,30,84.59246776304879,84.85061414463603,1.580557186070779,81.93527030890151,89.1169257158321,83.2701885316205,86.73763560584177,87.8016430688675,88.88609861422431,10.574058470381098,1.6917769999999965
gcc,O3,Checked_reference,latency,1,1.0,rotation/Checked_reference/latency,30,34.24593944671129,34.48439489497621,1.2430568277458636,33.37133709713546,38.99172099376246,33.47564230698132,35.14185297537103,36.91363486424514,38.79550341154731,34.24593944671129,1.4708860000000001
gcc,O3,Checked_reference,throughput,1,8.0,rotation/Checked_reference/throughput,30,221.13951602282035,212.0137064481774,14.202583316820919,188.23606884648254,228.59291710279678,191.17410562653257,225.0431503573318,226.2120224867073,227.9888467590482,27.642439502852543,1.835144000000005
gcc,O3,Conversion_per_call,latency,1,1.0,rotation/Conversion_per_call/latency,30,57.00753475463358,55.901908985905926,2.776332413447906,49.50531360502885,57.988862901538276,50.13397879763428,57.60792539303428,57.70002472544701,57.90926825690431,57.00753475463358,1.4175880000000056
gcc,O3,Conversion_per_call,throughput,1,8.0,rotation/Conversion_per_call/throughput,30,373.63179677076073,377.26672475290684,13.018272474875863,367.48168922045306,427.5396847006267,368.57965529447233,388.9080240694819,402.09961336347106,421.95911727067073,46.70397459634509,1.6627050000000008
gcc,O3,Eigen,latency,1,1.0,rotation/Eigen/latency,30,19.59186505721642,18.82808029550153,1.5100767909290878,16.92094648206883,20.682497684479497,17.118316292511658,20.414229210852522,20.450236680856282,20.618016104555508,19.59186505721642,1.8722209999999926
gcc,O3,Eigen,throughput,1,8.0,rotation/Eigen/throughput,30,30.917937994860658,31.108706088146445,0.9825936628657574,29.706022986775892,33.78202399209907,29.949374836507115,32.34772984639049,32.48040504690135,33.40767817829268,3.8647422493575823,1.6375569999999942
gcc,O3,GLM,latency,1,1.0,rotation/GLM/latency,30,12.976868824068703,13.394684007182896,0.8939814190121493,12.627329484110254,15.178335728371598,12.747207597092238,15.099720923752615,15.116276722092968,15.162380582471082,12.976868824068703,1.5922359999999962
gcc,O3,GLM,throughput,1,8.0,rotation/GLM/throughput,30,36.723791139069085,35.93064067604392,2.395695917978304,32.32268689759708,38.5931045654583,32.72341315910062,38.346135154836176,38.502254380516796,38.5762709576389,4.590473892383636,1.5970019999999892
gcc,O3,Minimal,latency,1,1.0,rotation/Minimal/latency,30,12.091104217330264,12.242752629915014,0.5735901819461424,11.53002067642056,13.929883260171051,11.71955863396815,12.901500800036205,13.319643387113674,13.816340130811248,12.091104217330264,1.4924769999999974
gcc,O3,Minimal,throughput,1,8.0,rotation/Minimal/throughput,30,37.25196292191592,38.192070407441854,1.9708619745710396,35.89543948143202,40.86388665909937,36.22175556713994,40.67439551117778,40.69674179753901,40.81899977084129,4.65649536523949,1.7099560000000071
gcc,O3,Public,latency,1,1.0,rotation/Public/latency,30,35.522724657358765,36.33783578069321,2.37533974744466,34.51635059307678,41.97893453900388,34.60016081720035,41.20017977944453,41.44614614100248,41.83642097050502,35.522724657358765,1.5062320000000007
gcc,O3,Public,throughput,1,8.0,rotation/Public/throughput,30,221.25385126048818,226.40163185637826,14.82850894293511,207.4020801062183,246.7104703218896,208.45192094915527,243.28816790644555,243.92266839157648,245.945324867653,27.656731407561022,1.5960499999999989
gcc,O3,Raw,latency,1,1.0,rotation/Raw/latency,30,11.621814357405121,11.676638400285551,0.20262022596287496,11.422962919527297,12.293795078509795,11.471907328136718,11.992113093267774,12.071499978246699,12.234482494453026,11.621814357405121,1.4815160000000063
gcc,O3,Raw,throughput,1,8.0,rotation/Raw/throughput,30,39.403954296876876,38.07755476364328,2.3952123673854606,34.502787542369624,40.439914318731155,34.58311373076237,40.371918109596756,40.42489471164984,40.43973903961534,4.9254942871096095,1.8899840000000057
